Event,Athlete,Year,Mark/Time,Wind,Meet,Date
100 Meters,"Giampa, Jackson",SO-2,10.71,3.1,Midwest Twilight Final Qualifier,"May 14, 2025"
100 Meters,"Giampa, Jackson",SO-2,10.80,2.0,St. Francis Fighting Chance Invite,"May 9, 2025"
100 Meters,"Asare, Jason",SR-4,10.88,1.9,St. Francis Fighting Chance Invite,"May 9, 2025"
100 Meters,"Seshadri, Vikram",JR-3,10.90,1.8,Wheaton 'Don Church' Twilight 2025,"Apr 17, 2025"
100 Meters,"Lui, John",FR-1,10.92,2.1,Midwest Twilight Final Qualifier,"May 14, 2025"
100 Meters,"Giampa, Jackson",SO-2,10.92,1.2,Wheaton 'Don Church' Twilight 2025,"Apr 17, 2025"
100 Meters,"Asare, Jason",SR-4,10.92,3.1,Midwest Twilight Final Qualifier,"May 14, 2025"
100 Meters,"Giampa, Jackson",SO-2,10.94,1.8,UAA Outdoor Conference Championships,"Apr 26, 2025"
100 Meters,"Lui, John",FR-1,10.96,1.9,St. Francis Fighting Chance Invite,"May 9, 2025"
100 Meters,"Xavier, Myles",SR-4,10.99,2.1,Midwest Twilight Final Qualifier,"May 14, 2025"
100 Meters,"Xavier, Myles",SR-4,11.04,2.1,St. Francis Fighting Chance Invite,"May 9, 2025"
100 Meters,"Seshadri, Vikram",JR-3,11.05,1.1,Midwest Twilight Final Qualifier,"May 14, 2025"
100 Meters,"Seshadri, Vikram",JR-3,11.05,2.7,St. Francis Fighting Chance Invite,"May 9, 2025"
100 Meters,"Seshadri, Vikram",JR-3,11.07,2.2,UAA Outdoor Conference Championships,"Apr 26, 2025"
100 Meters,"Lui, John",FR-1,11.08,1.5,Wheaton 'Don Church' Twilight 2025,"Apr 17, 2025"
100 Meters,"Giampa, Jackson",SO-2,11.08,2.1,UAA Outdoor Conference Championships,"Apr 26, 2025"
100 Meters,"Asare, Jason",SR-4,11.10,1.2,Wheaton 'Don Church' Twilight 2025,"Apr 17, 2025"
100 Meters,"Lui, John",FR-1,11.13,2.2,UAA Outdoor Conference Championships,"Apr 26, 2025"
100 Meters,"Seshadri, Vikram",JR-3,11.19,1.7,Wheaton Invitational 2025,"Apr 12, 2025"
100 Meters,"Asare, Jason",SR-4,11.20,1.8,UAA Outdoor Conference Championships,"Apr 26, 2025"
100 Meters,"Asare, Jason",SR-4,11.25,0.8,Wheaton Invitational 2025,"Apr 12, 2025"
100 Meters,"Xavier, Myles",SR-4,11.26,1.8,Wheaton 'Don Church' Twilight 2025,"Apr 17, 2025"
100 Meters,"Asare, Jason",SR-4,11.30,0.8,Wash U Invite,"Mar 28, 2025"
100 Meters,"Lui, John",FR-1,11.31,0.8,Wash U Invite,"Mar 28, 2025"
100 Meters,"Giampa, Jackson",SO-2,11.34,1.3,Wash U Invite,"Mar 28, 2025"
100 Meters,"Montbach, Zach",FR-1,11.52,0.2,Wheaton Invitational 2025,"Apr 12, 2025"
100 Meters,"Eribo, Gabe",SO-2,11.58,1.3,Wash U Invite,"Mar 28, 2025"
100 Meters,"Eribo, Gabe",SO-2,11.61,0.6,Wheaton Invitational 2025,"Apr 12, 2025"
100 Meters,"Woodlin, Danny",JR-3,11.84,-0.4,Wheaton Invitational 2025,"Apr 12, 2025"
100 Meters,"Woodlin, Danny",JR-3,11.91,2.9,St. Francis Fighting Chance Invite,"May 9, 2025"
100 Meters,"Nguyen, Matthias",SR-4,12.06,-3.8,Wheaton Invitational 2025,"Apr 12, 2025"
200 Meters,"Giampa, Jackson",SO-2,21.58,2.6,St. Francis Fighting Chance Invite,"May 9, 2025"
200 Meters,"Giampa, Jackson",SO-2,21.78,1.5,UAA Outdoor Conference Championships,"Apr 26, 2025"
200 Meters,"Giampa, Jackson",SO-2,21.84,-1.6,UAA Outdoor Conference Championships,"Apr 26, 2025"
200 Meters,"Giampa, Jackson",SO-2,21.91,1.0,Midwest Twilight Final Qualifier,"May 14, 2025"
200 Meters,"Lui, John",FR-1,22.10,1.5,St. Francis Fighting Chance Invite,"May 9, 2025"
200 Meters,"Asare, Jason",SR-4,22.15,1.5,St. Francis Fighting Chance Invite,"May 9, 2025"
200 Meters,"Seshadri, Vikram",JR-3,22.20,1.8,St. Francis Fighting Chance Invite,"May 9, 2025"
200 Meters,"Montbach, Zach",FR-1,22.24,1.5,St. Francis Fighting Chance Invite,"May 9, 2025"
200 Meters,"Giampa, Jackson",SO-2,22.25,-0.9,Wheaton Invitational 2025,"Apr 12, 2025"
200 Meters,"Asare, Jason",SR-4,22.27,2.1,UAA Outdoor Conference Championships,"Apr 26, 2025"
200 Meters,"Lui, John",FR-1,22.33,0.9,Midwest Twilight Final Qualifier,"May 14, 2025"
200 Meters,"Asare, Jason",SR-4,22.36,0.9,Midwest Twilight Final Qualifier,"May 14, 2025"
200 Meters,"Montbach, Zach",FR-1,22.44,0.7,Midwest Twilight Final Qualifier,"May 14, 2025"
200 Meters,"Lui, John",FR-1,22.52,1.5,UAA Outdoor Conference Championships,"Apr 26, 2025"
200 Meters,"Montbach, Zach",FR-1,22.54,3.1,Wheaton 'Don Church' Twilight 2025,"Apr 17, 2025"
200 Meters,"Dienstag, Isaac",SR-4,22.55,0.5,Wash U Invite,"Mar 28, 2025"
200 Meters,"Asare, Jason",SR-4,22.55,1.7,Wheaton 'Don Church' Twilight 2025,"Apr 17, 2025"
200 Meters,"Lui, John",FR-1,22.61,3.1,Wheaton 'Don Church' Twilight 2025,"Apr 17, 2025"
200 Meters,"Giampa, Jackson",SO-2,22.70,1.1,Wash U Invite,"Mar 28, 2025"
200 Meters,"Fuller, Tyson",FR-1,22.72,4.5,Wheaton 'Don Church' Twilight 2025,"Apr 17, 2025"
200 Meters,"Asare, Jason",SR-4,22.80,-0.9,Wheaton Invitational 2025,"Apr 12, 2025"
200 Meters,"Montbach, Zach",FR-1,22.88,-1.3,Wheaton Invitational 2025,"Apr 12, 2025"
200 Meters,"Showman, Ben",SO-2,22.89,0.5,Wash U Invite,"Mar 28, 2025"
200 Meters,"Lui, John",FR-1,22.90,-0.9,Wheaton Invitational 2025,"Apr 12, 2025"
200 Meters,"Eribo, Gabe",SO-2,23.48,1.1,Wash U Invite,"Mar 28, 2025"
200 Meters,"Woodlin, Danny",JR-3,24.41,0.4,Wheaton Invitational 2025,"Apr 12, 2025"
400 Meters,"Showman, Ben",SO-2,50.12,,UAA Outdoor Conference Championships,"Apr 26, 2025"
400 Meters,"Showman, Ben",SO-2,50.16,,UAA Outdoor Conference Championships,"Apr 26, 2025"
400 Meters,"Showman, Ben",SO-2,50.32,,Wheaton Invitational 2025,"Apr 12, 2025"
400 Meters,"Dienstag, Isaac",SR-4,50.37,,Wheaton Invitational 2025,"Apr 12, 2025"
400 Meters,"Ray, Andrew",SR-4,50.40,,Chicagoland Outdoor Championship,"Apr 3, 2025"
400 Meters,"Dienstag, Isaac",SR-4,50.65,,Wash U Invite,"Mar 28, 2025"
400 Meters,"Showman, Ben",SO-2,50.75,,Wash U Invite,"Mar 28, 2025"
400 Meters,"Dienstag, Isaac",SR-4,50.87,,Wheaton 'Don Church' Twilight 2025,"Apr 17, 2025"
400 Meters,"Dienstag, Isaac",SR-4,51.00,,UAA Outdoor Conference Championships,"Apr 26, 2025"
400 Meters,"Dienstag, Isaac",SR-4,51.12,,Chicagoland Outdoor Championship,"Apr 3, 2025"
400 Meters,"Showman, Ben",SO-2,51.23,,Midwest Twilight Final Qualifier,"May 14, 2025"
400 Meters,"Montbach, Zach",FR-1,51.37,,St. Francis Fighting Chance Invite,"May 9, 2025"
400 Meters,"Fuller, Tyson",FR-1,51.41,,Wheaton Invitational 2025,"Apr 12, 2025"
400 Meters,"Fuller, Tyson",FR-1,51.45,,Wheaton 'Don Church' Twilight 2025,"Apr 17, 2025"
400 Meters,"Montbach, Zach",FR-1,51.80,,Wheaton 'Don Church' Twilight 2025,"Apr 17, 2025"
400 Meters,"Montbach, Zach",FR-1,52.96,,Chicagoland Outdoor Championship,"Apr 3, 2025"
400 Meters,"Showman, Ben",SO-2,53.01,,Chicagoland Outdoor Championship,"Apr 3, 2025"
400 Meters,"Morris, Kazuma",SO-2,53.89,,Chicagoland Outdoor Championship,"Apr 3, 2025"
400 Meters,"Robinson, Teddy",FR-1,58.27,,Wheaton Invitational 2025,"Apr 12, 2025"
800 Meters,"Stein, Quint",SO-2,1:53.58,,St. Francis Fighting Chance Invite,"May 9, 2025"
800 Meters,"Stein, Quint",SO-2,1:53.87,,Chicagoland Outdoor Championship,"Apr 3, 2025"
800 Meters,"Stein, Quint",SO-2,1:54.53,,Wash U Invite,"Mar 28, 2025"
800 Meters,"Crenshaw, Vincent",SO-2,1:55.15,,Wheaton 'Don Church' Twilight 2025,"Apr 17, 2025"
800 Meters,"Stein, Quint",SO-2,1:55.25,,UAA Outdoor Conference Championships,"Apr 26, 2025"
800 Meters,"Crenshaw, Vincent",SO-2,1:55.29,,St. Francis Fighting Chance Invite,"May 9, 2025"
800 Meters,"Crenshaw, Vincent",SO-2,1:55.52,,Wash U Invite,"Mar 28, 2025"
800 Meters,"Stein, Quint",SO-2,1:55.72,,UAA Outdoor Conference Championships,"Apr 26, 2025"
800 Meters,"McCormick, Malcolm",JR-3,1:57.22,,Chicagoland Outdoor Championship,"Apr 3, 2025"
800 Meters,"Krueger, Caleb",SR-4,1:58.27,,Wheaton 'Don Church' Twilight 2025,"Apr 17, 2025"
800 Meters,"McCormick, Malcolm",JR-3,1:58.51,,St. Francis Fighting Chance Invite,"May 9, 2025"
800 Meters,"Krueger, Caleb",SR-4,1:59.35,,Chicagoland Outdoor Championship,"Apr 3, 2025"
800 Meters,"Krueger, Caleb",SR-4,1:59.74,,Wash U Invite,"Mar 28, 2025"
800 Meters,"Krueger, Caleb",SR-4,2:00.00,,St. Francis Fighting Chance Invite,"May 9, 2025"
800 Meters,"Harper, Ethan",SR-4,2:02.48,,Chicagoland Outdoor Championship,"Apr 3, 2025"
1500 Meters,"Patel, Sanju",SO-2,3:53.72,,Midwest Twilight Final Qualifier,"May 14, 2025"
1500 Meters,"Stein, Quint",SO-2,3:54.51,,Wheaton Invitational 2025,"Apr 12, 2025"
1500 Meters,"Cohen, Isaac",FR-1,3:55.25,,Midwest Twilight Final Qualifier,"May 14, 2025"
1500 Meters,"Cohen, Isaac",FR-1,3:55.67,,Wheaton Invitational 2025,"Apr 12, 2025"
1500 Meters,"Crenshaw, Vincent",SO-2,3:55.84,,Midwest Twilight Final Qualifier,"May 14, 2025"
1500 Meters,"Patel, Sanju",SO-2,3:56.56,,Chicagoland Outdoor Championship,"Apr 3, 2025"
1500 Meters,"Cohen, Isaac",FR-1,3:58.19,,UAA Outdoor Conference Championships,"Apr 26, 2025"
1500 Meters,"McCormick, Malcolm",JR-3,3:58.24,,Wash U Invite,"Mar 28, 2025"
1500 Meters,"Stein, Quint",SO-2,3:58.55,,Midwest Twilight Final Qualifier,"May 14, 2025"
1500 Meters,"Crenshaw, Vincent",SO-2,3:58.78,,UAA Outdoor Conference Championships,"Apr 26, 2025"
1500 Meters,"Crenshaw, Vincent",SO-2,3:59.00,,Wheaton Invitational 2025,"Apr 12, 2025"
1500 Meters,"Krueger, Caleb",SR-4,4:00.73,,Midwest Twilight Final Qualifier,"May 14, 2025"
1500 Meters,"McCormick, Malcolm",JR-3,4:00.95,,UAA Outdoor Conference Championships,"Apr 26, 2025"
1500 Meters,"McCormick, Malcolm",JR-3,4:01.21,,Wheaton Invitational 2025,"Apr 12, 2025"
1500 Meters,"Eifert, Liam",SO-2,4:02.09,,Wash U Invite,"Mar 28, 2025"
1500 Meters,"Krueger, Caleb",SR-4,4:04.49,,Wheaton Invitational 2025,"Apr 12, 2025"
1500 Meters,"List, John",SR-4,4:04.88,,Wheaton Invitational 2025,"Apr 12, 2025"
1500 Meters,"List, John",SR-4,4:05.06,,Wash U Invite,"Mar 28, 2025"
1500 Meters,"Krueger, Caleb",SR-4,4:05.24,,UAA Outdoor Conference Championships,"Apr 26, 2025"
1500 Meters,"Cohen, Isaac",FR-1,4:06.00,,Wash U Invite,"Mar 28, 2025"
1500 Meters,"May, Spencer",JR-3,4:06.27,,Wash U Invite,"Mar 28, 2025"
1500 Meters,"Wijesekara, Bryce",SO-2,4:07.12,,Chicagoland Outdoor Championship,"Apr 3, 2025"
1500 Meters,"Bender, Noah",SO-2,4:09.35,,Wash U Invite,"Mar 28, 2025"
1500 Meters,"Gillan, Zane",SR-4,4:10.06,,Wheaton Invitational 2025,"Apr 12, 2025"
1500 Meters,"Lund, Matthew",FR-1,4:10.12,,Chicagoland Outdoor Championship,"Apr 3, 2025"
1500 Meters,"Taubman, Zach",JR-3,4:10.88,,Wheaton Invitational 2025,"Apr 12, 2025"
1500 Meters,"Harper, Ethan",SR-4,4:11.13,,Wheaton Invitational 2025,"Apr 12, 2025"
1500 Meters,"Harper, Ethan",SR-4,4:12.89,,Wheaton 'Don Church' Twilight 2025,"Apr 17, 2025"
1500 Meters,"May, Spencer",JR-3,4:12.95,,Wheaton 'Don Church' Twilight 2025,"Apr 17, 2025"
1500 Meters,"Stein, Alec",SO-2,4:15.27,,Wheaton Invitational 2025,"Apr 12, 2025"
1500 Meters,"Stein, Alec",SO-2,4:15.37,,St. Francis Fighting Chance Invite,"May 9, 2025"
1500 Meters,"Gao, Alex",SO-2,4:16.44,,St. Francis Fighting Chance Invite,"May 9, 2025"
1500 Meters,"Stein, Alec",SO-2,4:18.56,,Wheaton 'Don Church' Twilight 2025,"Apr 17, 2025"
1500 Meters,"Phelan, Charlie",FR-1,4:20.48,,Wheaton Invitational 2025,"Apr 12, 2025"
1500 Meters,"Goodman, Asher",FR-1,4:22.74,,Wheaton Invitational 2025,"Apr 12, 2025"
3000 Meters,"Eifert, Liam",SO-2,8:34.24,,Chicagoland Outdoor Championship,"Apr 3, 2025"
3000 Meters,"List, John",SR-4,8:43.72,,Chicagoland Outdoor Championship,"Apr 3, 2025"
3000 Meters,"Tullis, Sam",JR-3,8:53.73,,Chicagoland Outdoor Championship,"Apr 3, 2025"
3000 Meters,"Mevio, Giacomo",SO-2,8:55.59,,Wheaton 'Don Church' Twilight 2025,"Apr 17, 2025"
3000 Meters,"Lund, Matthew",FR-1,9:01.59,,Wheaton 'Don Church' Twilight 2025,"Apr 17, 2025"
3000 Meters,"Gillan, Zane",SR-4,9:01.87,,Chicagoland Outdoor Championship,"Apr 3, 2025"
3000 Meters,"Taubman, Zach",JR-3,9:02.49,,Chicagoland Outdoor Championship,"Apr 3, 2025"
3000 Meters,"Gao, Alex",SO-2,9:02.64,,Wheaton 'Don Church' Twilight 2025,"Apr 17, 2025"
3000 Meters,"Fried, Sam",SR-4,9:20.76,,Wheaton 'Don Church' Twilight 2025,"Apr 17, 2025"
5000 Meters,"Patel, Sanju",SO-2,14:26.50,,St. Francis Fighting Chance Invite,"May 9, 2025"
5000 Meters,"Patel, Sanju",SO-2,14:32.20,,UW-Platteville Invitational,"Apr 11, 2025"
5000 Meters,"Eifert, Liam",SO-2,14:37.51,,UW-Platteville Invitational,"Apr 11, 2025"
5000 Meters,"Patel, Sanju",SO-2,14:39.27,,UAA Outdoor Conference Championships,"Apr 26, 2025"
5000 Meters,"Cohen, Isaac",FR-1,14:56.79,,St. Francis Fighting Chance Invite,"May 9, 2025"
5000 Meters,"Eifert, Liam",SO-2,14:59.45,,UAA Outdoor Conference Championships,"Apr 26, 2025"
5000 Meters,"Eifert, Liam",SO-2,15:02.38,,St. Francis Fighting Chance Invite,"May 9, 2025"
5000 Meters,"Bender, Noah",SO-2,15:07.74,,St. Francis Fighting Chance Invite,"May 9, 2025"
5000 Meters,"May, Spencer",JR-3,15:15.20,,St. Francis Fighting Chance Invite,"May 9, 2025"
5000 Meters,"Gao, Alex",SO-2,15:40.53,,St. Francis Fighting Chance Invite,"May 9, 2025"
5000 Meters,"Mevio, Giacomo",SO-2,15:42.05,,Wheaton Invitational 2025,"Apr 12, 2025"
5000 Meters,"Lund, Matthew",FR-1,15:47.01,,Wheaton Invitational 2025,"Apr 12, 2025"
5000 Meters,"Gao, Alex",SO-2,15:47.27,,Wheaton Invitational 2025,"Apr 12, 2025"
5000 Meters,"Gillan, Zane",SR-4,15:47.68,,St. Francis Fighting Chance Invite,"May 9, 2025"
5000 Meters,"Gao, Alex",SO-2,15:53.09,,Chicagoland Outdoor Championship,"Apr 3, 2025"
5000 Meters,"Fried, Sam",SR-4,15:53.58,,St. Francis Fighting Chance Invite,"May 9, 2025"
5000 Meters,"Moore, Luke",FR-1,15:55.79,,Chicagoland Outdoor Championship,"Apr 3, 2025"
5000 Meters,"Fried, Sam",SR-4,16:06.21,,Wheaton Invitational 2025,"Apr 12, 2025"
5000 Meters,"Fried, Sam",SR-4,16:08.46,,Chicagoland Outdoor Championship,"Apr 3, 2025"
5000 Meters,"Goodman, Asher",FR-1,16:11.71,,Chicagoland Outdoor Championship,"Apr 3, 2025"
5000 Meters,"Moore, Luke",FR-1,16:26.06,,Wheaton Invitational 2025,"Apr 12, 2025"
"10,000 Meters","Patel, Sanju",SO-2,30:45.18,,WashU Distance Carnival '25,"Mar 27, 2025"
"10,000 Meters","Bender, Noah",SO-2,31:11.74,,Chicagoland Outdoor Championship,"Apr 3, 2025"
"10,000 Meters","May, Spencer",JR-3,31:33.48,,Chicagoland Outdoor Championship,"Apr 3, 2025"
"10,000 Meters","May, Spencer",JR-3,31:37.73,,UAA Outdoor Conference Championships,"Apr 26, 2025"
"10,000 Meters","Bender, Noah",SO-2,31:44.44,,UAA Outdoor Conference Championships,"Apr 26, 2025"
"10,000 Meters","List, John",SR-4,31:49.33,,UAA Outdoor Conference Championships,"Apr 26, 2025"
110 Hurdles,"Ray, Andrew",SR-4,14.45,2.5,St. Francis Fighting Chance Invite,"May 9, 2025"
110 Hurdles,"Ray, Andrew",SR-4,14.58,1.3,Midwest Twilight Final Qualifier,"May 14, 2025"
110 Hurdles,"Ray, Andrew",SR-4,14.72,+0.0,Midwest Twilight Final Qualifier,"May 14, 2025"
110 Hurdles,"Ray, Andrew",SR-4,14.74,4.0,St. Francis Fighting Chance Invite,"May 9, 2025"
110 Hurdles,"Ray, Andrew",SR-4,14.85,3.0,UAA Outdoor Conference Championships,"Apr 26, 2025"
110 Hurdles,"Ray, Andrew",SR-4,14.91,-0.5,UAA Outdoor Conference Championships,"Apr 26, 2025"
110 Hurdles,"Mays, Owen",FR-1,14.99,2.5,St. Francis Fighting Chance Invite,"May 9, 2025"
110 Hurdles,"Obermeyer, Kyle",SO-2,15.05,2.5,St. Francis Fighting Chance Invite,"May 9, 2025"
110 Hurdles,"Ray, Andrew",SR-4,15.07,-0.6,Wheaton Invitational 2025,"Apr 12, 2025"
110 Hurdles,"Ray, Andrew",SR-4,15.24,+0.0,Wheaton 'Don Church' Twilight 2025,"Apr 17, 2025"
110 Hurdles,"Mays, Owen",FR-1,15.25,4.0,St. Francis Fighting Chance Invite,"May 9, 2025"
110 Hurdles,"Obermeyer, Kyle",SO-2,15.26,2.4,St. Francis Fighting Chance Invite,"May 9, 2025"
110 Hurdles,"Obermeyer, Kyle",SO-2,15.28,2.3,Midwest Twilight Final Qualifier,"May 14, 2025"
110 Hurdles,"Obermeyer, Kyle",SO-2,15.29,3.0,UAA Outdoor Conference Championships,"Apr 26, 2025"
110 Hurdles,"Obermeyer, Kyle",SO-2,15.45,+0.0,Wheaton 'Don Church' Twilight 2025,"Apr 17, 2025"
110 Hurdles,"Mays, Owen",FR-1,15.52,3.0,UAA Outdoor Conference Championships,"Apr 26, 2025"
110 Hurdles,"Mays, Owen",FR-1,15.54,1.3,Midwest Twilight Final Qualifier,"May 14, 2025"
110 Hurdles,"Ray, Andrew",SR-4,15.58,-2.3,Wash U Invite,"Mar 28, 2025"
110 Hurdles,"Ho, Matthew",SO-2,15.64,2.3,Midwest Twilight Final Qualifier,"May 14, 2025"
110 Hurdles,"Ho, Matthew",SO-2,15.68,+0.0,Wheaton 'Don Church' Twilight 2025,"Apr 17, 2025"
110 Hurdles,"Ho, Matthew",SO-2,15.76,1.2,Wheaton Invitational 2025,"Apr 12, 2025"
110 Hurdles,"Mays, Owen",FR-1,15.92,+0.0,Wheaton 'Don Church' Twilight 2025,"Apr 17, 2025"
110 Hurdles,"Obermeyer, Kyle",SO-2,15.93,-0.5,UAA Outdoor Conference Championships,"Apr 26, 2025"
110 Hurdles,"Mays, Owen",FR-1,16.01,1.2,Wheaton Invitational 2025,"Apr 12, 2025"
110 Hurdles,"Obermeyer, Kyle",SO-2,16.17,-2.5,Wash U Invite,"Mar 28, 2025"
110 Hurdles,"Mays, Owen",FR-1,16.31,-2.5,Wash U Invite,"Mar 28, 2025"
110 Hurdles,"Ho, Matthew",SO-2,16.46,-2.5,Wash U Invite,"Mar 28, 2025"
400 Hurdles,"Ray, Andrew",SR-4,52.49,,Midwest Twilight Final Qualifier,"May 14, 2025"
400 Hurdles,"Ray, Andrew",SR-4,53.25,,Wheaton Invitational 2025,"Apr 12, 2025"
400 Hurdles,"Ray, Andrew",SR-4,53.39,,NCAA Division III Outdoor Track & Field Championships,"May 22, 2025"
400 Hurdles,"Ray, Andrew",SR-4,53.53,,UAA Outdoor Conference Championships,"Apr 26, 2025"
400 Hurdles,"Ray, Andrew",SR-4,53.57,,St. Francis Fighting Chance Invite,"May 9, 2025"
400 Hurdles,"Mays, Owen",FR-1,53.86,,Midwest Twilight Final Qualifier,"May 14, 2025"
400 Hurdles,"Ray, Andrew",SR-4,54.20,,UAA Outdoor Conference Championships,"Apr 26, 2025"
400 Hurdles,"Ray, Andrew",SR-4,54.27,,Wash U Invite,"Mar 28, 2025"
400 Hurdles,"Mays, Owen",FR-1,54.79,,St. Francis Fighting Chance Invite,"May 9, 2025"
400 Hurdles,"Mays, Owen",FR-1,55.16,,UAA Outdoor Conference Championships,"Apr 26, 2025"
400 Hurdles,"Ray, Andrew",SR-4,55.35,,Wheaton 'Don Church' Twilight 2025,"Apr 17, 2025"
400 Hurdles,"Mays, Owen",FR-1,55.43,,Wheaton 'Don Church' Twilight 2025,"Apr 17, 2025"
400 Hurdles,"Mays, Owen",FR-1,56.40,,Wash U Invite,"Mar 28, 2025"
400 Hurdles,"Mays, Owen",FR-1,56.64,,Chicagoland Outdoor Championship,"Apr 3, 2025"
400 Hurdles,"Mays, Owen",FR-1,56.74,,Wheaton Invitational 2025,"Apr 12, 2025"
400 Hurdles,"Mays, Owen",FR-1,56.88,,UAA Outdoor Conference Championships,"Apr 26, 2025"
400 Hurdles,"Obermeyer, Kyle",SO-2,56.90,,Midwest Twilight Final Qualifier,"May 14, 2025"
400 Hurdles,"Obermeyer, Kyle",SO-2,57.37,,UAA Outdoor Conference Championships,"Apr 26, 2025"
400 Hurdles,"Ho, Matthew",SO-2,58.10,,Wheaton Invitational 2025,"Apr 12, 2025"
400 Hurdles,"Ho, Matthew",SO-2,58.49,,Wheaton 'Don Church' Twilight 2025,"Apr 17, 2025"
400 Hurdles,"Ho, Matthew",SO-2,59.56,,Wash U Invite,"Mar 28, 2025"
400 Hurdles,"Obermeyer, Kyle",SO-2,59.61,,Wash U Invite,"Mar 28, 2025"
400 Hurdles,"Obermeyer, Kyle",SO-2,59.78,,Chicagoland Outdoor Championship,"Apr 3, 2025"
400 Hurdles,"Obermeyer, Kyle",SO-2,1:00.19,,St. Francis Fighting Chance Invite,"May 9, 2025"
400 Hurdles,"Obermeyer, Kyle",SO-2,1:00.28,,Wheaton 'Don Church' Twilight 2025,"Apr 17, 2025"
400 Hurdles,"Ho, Matthew",SO-2,1:00.36,,Chicagoland Outdoor Championship,"Apr 3, 2025"
400 Hurdles,"Robinson, Teddy",FR-1,1:04.49,,Chicagoland Outdoor Championship,"Apr 3, 2025"
3000 Steeplechase,"May, Spencer",JR-3,10:01.65,,Midwest Twilight Final Qualifier,"May 14, 2025"
3000 Steeplechase,"Tullis, Sam",JR-3,10:10.89,,St. Francis Fighting Chance Invite,"May 9, 2025"
3000 Steeplechase,"Tullis, Sam",JR-3,10:12.28,,Wheaton Invitational 2025,"Apr 12, 2025"
3000 Steeplechase,"Allen, Ellis",SR-4,10:27.74,,St. Francis Fighting Chance Invite,"May 9, 2025"
3000 Steeplechase,"Allen, Ellis",SR-4,10:36.73,,Wheaton Invitational 2025,"Apr 12, 2025"
High Jump,"Shrivastava, Aryan",JR-3,2.00m,,Wheaton Invitational 2025,"Apr 12, 2025"
High Jump,"Serifovic, Imran",FR-1,1.99m,,Wash U Invite,"Mar 28, 2025"
High Jump,"Shrivastava, Aryan",JR-3,1.99m,,St. Francis Fighting Chance Invite,"May 9, 2025"
High Jump,"Shrivastava, Aryan",JR-3,1.99m,,Wash U Invite,"Mar 28, 2025"
High Jump,"Serifovic, Imran",FR-1,1.94m,,Wash U Invite,"Mar 28, 2025"
High Jump,"Shrivastava, Aryan",JR-3,1.94m,,Wash U Invite,"Mar 28, 2025"
High Jump,"Shrivastava, Aryan",JR-3,1.94m,,Wheaton Invitational 2025,"Apr 12, 2025"
High Jump,"Shrivastava, Aryan",JR-3,1.93m,,UAA Outdoor Conference Championships,"Apr 26, 2025"
High Jump,"Shrivastava, Aryan",JR-3,1.93m,,St. Francis Fighting Chance Invite,"May 9, 2025"
High Jump,"Shrivastava, Aryan",JR-3,1.89m,,Wash U Invite,"Mar 28, 2025"
High Jump,"Serifovic, Imran",FR-1,1.89m,,Wheaton 'Don Church' Twilight 2025,"Apr 17, 2025"
High Jump,"Shrivastava, Aryan",JR-3,1.89m,,Wheaton Invitational 2025,"Apr 12, 2025"
High Jump,"Shrivastava, Aryan",JR-3,1.88m,,UAA Outdoor Conference Championships,"Apr 26, 2025"
High Jump,"Shrivastava, Aryan",JR-3,1.87m,,St. Francis Fighting Chance Invite,"May 9, 2025"
High Jump,"Eckmann, Josh",SR-4,1.84m,,Wheaton Invitational 2025,"Apr 12, 2025"
High Jump,"Burt, Alexander",SO-2,1.84m,,Wash U Invite,"Mar 28, 2025"
High Jump,"Shrivastava, Aryan",JR-3,1.84m,,Wheaton Invitational 2025,"Apr 12, 2025"
High Jump,"Eckmann, Josh",SR-4,1.84m,,Wheaton 'Don Church' Twilight 2025,"Apr 17, 2025"
High Jump,"Burt, Alexander",SO-2,1.84m,,Wheaton Invitational 2025,"Apr 12, 2025"
High Jump,"Shrivastava, Aryan",JR-3,1.84m,,Wash U Invite,"Mar 28, 2025"
High Jump,"Shrivastava, Aryan",JR-3,1.83m,,UAA Outdoor Conference Championships,"Apr 26, 2025"
High Jump,"Yarra, Anish",FR-1,1.79m,,Wheaton 'Don Church' Twilight 2025,"Apr 17, 2025"
High Jump,"Eckmann, Josh",SR-4,1.79m,,Wheaton 'Don Church' Twilight 2025,"Apr 17, 2025"
High Jump,"Burt, Alexander",SO-2,1.79m,,Wheaton Invitational 2025,"Apr 12, 2025"
High Jump,"Eckmann, Josh",SR-4,1.79m,,Wheaton Invitational 2025,"Apr 12, 2025"
High Jump,"Burt, Alexander",SO-2,1.79m,,Wash U Invite,"Mar 28, 2025"
High Jump,"Burt, Alexander",SO-2,1.78m,,St. Francis Fighting Chance Invite,"May 9, 2025"
High Jump,"Burt, Alexander",SO-2,1.75m,,St. Francis Fighting Chance Invite,"May 9, 2025"
High Jump,"Eckmann, Josh",SR-4,1.74m,,Wheaton 'Don Church' Twilight 2025,"Apr 17, 2025"
High Jump,"Burt, Alexander",SO-2,1.74m,,Wheaton Invitational 2025,"Apr 12, 2025"
High Jump,"Eckmann, Josh",SR-4,1.74m,,Wheaton Invitational 2025,"Apr 12, 2025"
High Jump,"Burt, Alexander",SO-2,1.74m,,Wash U Invite,"Mar 28, 2025"
High Jump,"Yarra, Anish",FR-1,1.74m,,Wheaton 'Don Church' Twilight 2025,"Apr 17, 2025"
High Jump,"Burt, Alexander",SO-2,1.72m,,St. Francis Fighting Chance Invite,"May 9, 2025"
Pole Vault,"Floyd, William",SO-2,4.90m,,Wash U Invite,"Mar 28, 2025"
Pole Vault,"Floyd, William",SO-2,4.83m,,UAA Outdoor Conference Championships,"Apr 26, 2025"
Pole Vault,"Floyd, William",SO-2,4.75m,,Wash U Invite,"Mar 28, 2025"
Pole Vault,"Floyd, William",SO-2,4.73m,,UAA Outdoor Conference Championships,"Apr 26, 2025"
Pole Vault,"Floyd, William",SO-2,4.65m,,Midwest Twilight Final Qualifier,"May 14, 2025"
Pole Vault,"Floyd, William",SO-2,4.63m,,UAA Outdoor Conference Championships,"Apr 26, 2025"
Pole Vault,"Floyd, William",SO-2,4.60m,,Wash U Invite,"Mar 28, 2025"
Pole Vault,"Floyd, William",SO-2,4.53m,,UAA Outdoor Conference Championships,"Apr 26, 2025"
Pole Vault,"Shin, Brandon",SR-4,4.45m,,Wash U Invite,"Mar 28, 2025"
Pole Vault,"Floyd, William",SO-2,4.45m,,Wash U Invite,"Mar 28, 2025"
Pole Vault,"Shin, Brandon",SR-4,4.30m,,Wash U Invite,"Mar 28, 2025"
Pole Vault,"Shin, Brandon",SR-4,4.05m,,St. Francis Fighting Chance Invite,"May 9, 2025"
Long Jump,"Kadiri, Seyi",JR-3,7.06m,3.2,UAA Outdoor Conference Championships,"Apr 26, 2025"
Long Jump,"Kadiri, Seyi",JR-3,6.92m,3.8,St. Francis Fighting Chance Invite,"May 9, 2025"
Long Jump,"Kadiri, Seyi",JR-3,6.86m,4.6,Midwest Twilight Final Qualifier,"May 14, 2025"
Long Jump,"Kadiri, Seyi",JR-3,6.82m,3.4,St. Francis Fighting Chance Invite,"May 9, 2025"
Long Jump,"Kadiri, Seyi",JR-3,6.76m,4.7,St. Francis Fighting Chance Invite,"May 9, 2025"
Long Jump,"Kadiri, Seyi",JR-3,6.75m,1.6,Midwest Twilight Final Qualifier,"May 14, 2025"
Long Jump,"Kadiri, Seyi",JR-3,6.71m,3.9,St. Francis Fighting Chance Invite,"May 9, 2025"
Long Jump,"Kadiri, Seyi",JR-3,6.68m,2.3,UAA Outdoor Conference Championships,"Apr 26, 2025"
Long Jump,"Giampa, Jackson",SO-2,6.63m,2.2,UAA Outdoor Conference Championships,"Apr 26, 2025"
Long Jump,"Kadiri, Seyi",JR-3,6.63m,4.1,St. Francis Fighting Chance Invite,"May 9, 2025"
Long Jump,"Kadiri, Seyi",JR-3,6.59m,+0.0,Midwest Twilight Final Qualifier,"May 14, 2025"
Long Jump,"Giampa, Jackson",SO-2,6.55m,0.8,Wheaton 'Don Church' Twilight 2025,"Apr 17, 2025"
Long Jump,"Giampa, Jackson",SO-2,6.46m,+0.0,Wheaton Invitational 2025,"Apr 12, 2025"
Long Jump,"Kadiri, Seyi",JR-3,6.38m,4.1,St. Francis Fighting Chance Invite,"May 9, 2025"
Long Jump,"Giampa, Jackson",SO-2,6.38m,1.3,Wheaton Invitational 2025,"Apr 12, 2025"
Long Jump,"Giampa, Jackson",SO-2,6.38m,1.2,UAA Outdoor Conference Championships,"Apr 26, 2025"
Long Jump,"Kadiri, Seyi",JR-3,6.36m,0.7,Wheaton Invitational 2025,"Apr 12, 2025"
Long Jump,"Giampa, Jackson",SO-2,6.32m,0.6,Wheaton Invitational 2025,"Apr 12, 2025"
Long Jump,"Giampa, Jackson",SO-2,6.26m,0.3,Wheaton 'Don Church' Twilight 2025,"Apr 17, 2025"
Long Jump,"Giampa, Jackson",SO-2,6.22m,3.9,St. Francis Fighting Chance Invite,"May 9, 2025"
Long Jump,"Giampa, Jackson",SO-2,6.15m,0.1,Wheaton 'Don Church' Twilight 2025,"Apr 17, 2025"
Long Jump,"Giampa, Jackson",SO-2,5.83m,5.6,St. Francis Fighting Chance Invite,"May 9, 2025"
Triple Jump,"Shrivastava, Aryan",JR-3,15.03m,0.9,NCAA Division III Outdoor Track & Field Championships,"May 22, 2025"
Triple Jump,"Shrivastava, Aryan",JR-3,14.67m,4.0,St. Francis Fighting Chance Invite,"May 9, 2025"
Triple Jump,"Kadiri, Seyi",JR-3,14.64m,0.4,Midwest Twilight Final Qualifier,"May 14, 2025"
Triple Jump,"Shrivastava, Aryan",JR-3,14.62m,3.9,St. Francis Fighting Chance Invite,"May 9, 2025"
Triple Jump,"Shrivastava, Aryan",JR-3,14.61m,5.2,St. Francis Fighting Chance Invite,"May 9, 2025"
Triple Jump,"Kadiri, Seyi",JR-3,14.58m,3.2,St. Francis Fighting Chance Invite,"May 9, 2025"
Triple Jump,"Kadiri, Seyi",JR-3,14.57m,3.9,St. Francis Fighting Chance Invite,"May 9, 2025"
Triple Jump,"Kadiri, Seyi",JR-3,14.54m,1.9,Midwest Twilight Final Qualifier,"May 14, 2025"
Triple Jump,"Shrivastava, Aryan",JR-3,14.50m,1.8,NCAA Division III Outdoor Track & Field Championships,"May 22, 2025"
Triple Jump,"Shrivastava, Aryan",JR-3,14.47m,+0.0,Midwest Twilight Final Qualifier,"May 14, 2025"
Triple Jump,"Kadiri, Seyi",JR-3,14.44m,0.7,Midwest Twilight Final Qualifier,"May 14, 2025"
Triple Jump,"Shrivastava, Aryan",JR-3,14.30m,2.6,Midwest Twilight Final Qualifier,"May 14, 2025"
Triple Jump,"Kadiri, Seyi",JR-3,14.26m,3.9,St. Francis Fighting Chance Invite,"May 9, 2025"
Triple Jump,"Shrivastava, Aryan",JR-3,14.25m,+0.0,Midwest Twilight Final Qualifier,"May 14, 2025"
Triple Jump,"Kadiri, Seyi",JR-3,14.25m,0.2,Midwest Twilight Final Qualifier,"May 14, 2025"
Triple Jump,"Shrivastava, Aryan",JR-3,14.23m,1.7,NCAA Division III Outdoor Track & Field Championships,"May 22, 2025"
Triple Jump,"Kadiri, Seyi",JR-3,14.16m,2.8,St. Francis Fighting Chance Invite,"May 9, 2025"
Triple Jump,"Kadiri, Seyi",JR-3,14.16m,0.2,Midwest Twilight Final Qualifier,"May 14, 2025"
Triple Jump,"Shrivastava, Aryan",JR-3,14.12m,0.4,UAA Outdoor Conference Championships,"Apr 26, 2025"
Triple Jump,"Kadiri, Seyi",JR-3,14.09m,2.6,St. Francis Fighting Chance Invite,"May 9, 2025"
Triple Jump,"Kadiri, Seyi",JR-3,14.06m,1.0,UAA Outdoor Conference Championships,"Apr 26, 2025"
Triple Jump,"Kadiri, Seyi",JR-3,13.99m,3.8,St. Francis Fighting Chance Invite,"May 9, 2025"
Triple Jump,"Kadiri, Seyi",JR-3,13.96m,0.7,UAA Outdoor Conference Championships,"Apr 26, 2025"
Triple Jump,"Kadiri, Seyi",JR-3,13.94m,+0.0,Wash U Invite,"Mar 28, 2025"
Triple Jump,"Kadiri, Seyi",JR-3,13.91m,1.7,Wash U Invite,"Mar 28, 2025"
Triple Jump,"Shrivastava, Aryan",JR-3,13.90m,0.4,UAA Outdoor Conference Championships,"Apr 26, 2025"
Triple Jump,"Kadiri, Seyi",JR-3,13.88m,2.2,UAA Outdoor Conference Championships,"Apr 26, 2025"
Triple Jump,"Shrivastava, Aryan",JR-3,13.85m,2.6,NCAA Division III Outdoor Track & Field Championships,"May 22, 2025"
Triple Jump,"Kadiri, Seyi",JR-3,13.84m,1.8,Wash U Invite,"Mar 28, 2025"
Triple Jump,"Kadiri, Seyi",JR-3,13.75m,+0.0,Wash U Invite,"Mar 28, 2025"
Triple Jump,"Shrivastava, Aryan",JR-3,13.58m,0.2,Wash U Invite,"Mar 28, 2025"
Triple Jump,"Kadiri, Seyi",JR-3,13.55m,1.0,Wheaton Invitational 2025,"Apr 12, 2025"
Triple Jump,"Kadiri, Seyi",JR-3,13.50m,1.4,Wash U Invite,"Mar 28, 2025"
Triple Jump,"Shrivastava, Aryan",JR-3,13.44m,+0.0,Wash U Invite,"Mar 28, 2025"
Triple Jump,"Shrivastava, Aryan",JR-3,13.42m,0.4,Wheaton Invitational 2025,"Apr 12, 2025"
Triple Jump,"Shrivastava, Aryan",JR-3,13.38m,+0.0,Wash U Invite,"Mar 28, 2025"
Triple Jump,"Kadiri, Seyi",JR-3,13.36m,1.0,Wheaton Invitational 2025,"Apr 12, 2025"
Triple Jump,"Hernandez, Daniel",FR-1,13.31m,0.2,Wash U Invite,"Mar 28, 2025"
Triple Jump,"Shrivastava, Aryan",JR-3,13.27m,0.5,Wheaton Invitational 2025,"Apr 12, 2025"
Triple Jump,"Shrivastava, Aryan",JR-3,13.26m,+0.0,Wheaton Invitational 2025,"Apr 12, 2025"
Triple Jump,"Hernandez, Daniel",FR-1,13.25m,3.3,St. Francis Fighting Chance Invite,"May 9, 2025"
Triple Jump,"Hernandez, Daniel",FR-1,13.24m,+0.0,Wash U Invite,"Mar 28, 2025"
Triple Jump,"Kadiri, Seyi",JR-3,13.15m,+0.0,Wheaton Invitational 2025,"Apr 12, 2025"
Triple Jump,"Hernandez, Daniel",FR-1,13.13m,1.8,Wash U Invite,"Mar 28, 2025"
Triple Jump,"Hernandez, Daniel",FR-1,13.12m,3.8,St. Francis Fighting Chance Invite,"May 9, 2025"
Triple Jump,"Burt, Alexander",SO-2,13.04m,3.8,St. Francis Fighting Chance Invite,"May 9, 2025"
Triple Jump,"Shrivastava, Aryan",JR-3,12.99m,0.5,Wheaton Invitational 2025,"Apr 12, 2025"
Triple Jump,"Burt, Alexander",SO-2,12.95m,4.4,St. Francis Fighting Chance Invite,"May 9, 2025"
Triple Jump,"Burt, Alexander",SO-2,12.90m,0.9,UAA Outdoor Conference Championships,"Apr 26, 2025"
Triple Jump,"Hernandez, Daniel",FR-1,12.80m,2.2,Wheaton 'Don Church' Twilight 2025,"Apr 17, 2025"
Triple Jump,"Hernandez, Daniel",FR-1,12.77m,2.6,UAA Outdoor Conference Championships,"Apr 26, 2025"
Triple Jump,"Burt, Alexander",SO-2,12.76m,1.3,Wheaton Invitational 2025,"Apr 12, 2025"
Triple Jump,"Hernandez, Daniel",FR-1,12.76m,1.3,UAA Outdoor Conference Championships,"Apr 26, 2025"
Triple Jump,"Hernandez, Daniel",FR-1,12.75m,+0.0,Wash U Invite,"Mar 28, 2025"
Triple Jump,"Burt, Alexander",SO-2,12.65m,4.9,St. Francis Fighting Chance Invite,"May 9, 2025"
Triple Jump,"Burt, Alexander",SO-2,12.52m,+0.0,Wheaton Invitational 2025,"Apr 12, 2025"
Triple Jump,"Burt, Alexander",SO-2,12.47m,0.4,Wheaton Invitational 2025,"Apr 12, 2025"
Triple Jump,"Burt, Alexander",SO-2,12.34m,0.4,UAA Outdoor Conference Championships,"Apr 26, 2025"
Triple Jump,"Hernandez, Daniel",FR-1,11.52m,3.1,St. Francis Fighting Chance Invite,"May 9, 2025"
Triple Jump,"Burt, Alexander",SO-2,11.22m,0.8,Wheaton Invitational 2025,"Apr 12, 2025"
Shot Put,"Dixon, Simon",JR-3,16.87m,,Midwest Twilight Final Qualifier,"May 14, 2025"
Shot Put,"Dixon, Simon",JR-3,16.86m,,St. Francis Fighting Chance Invite,"May 9, 2025"
Shot Put,"Dixon, Simon",JR-3,16.59m,,NCAA Division III Outdoor Track & Field Championships,"May 22, 2025"
Shot Put,"Dixon, Simon",JR-3,16.44m,,St. Francis Fighting Chance Invite,"May 9, 2025"
Shot Put,"Dixon, Simon",JR-3,16.40m,,2025 Big Blue Alumni Invite,"Mar 29, 2025"
Shot Put,"Dixon, Simon",JR-3,16.26m,,St. Francis Fighting Chance Invite,"May 9, 2025"
Shot Put,"Dixon, Simon",JR-3,16.21m,,UAA Outdoor Conference Championships,"Apr 26, 2025"
Shot Put,"Dixon, Simon",JR-3,16.21m,,NCAA Division III Outdoor Track & Field Championships,"May 22, 2025"
Shot Put,"Dixon, Simon",JR-3,16.20m,,St. Francis Fighting Chance Invite,"May 9, 2025"
Shot Put,"Dixon, Simon",JR-3,16.16m,,Midwest Twilight Final Qualifier,"May 14, 2025"
Shot Put,"Dixon, Simon",JR-3,16.07m,,NCAA Division III Outdoor Track & Field Championships,"May 22, 2025"
Shot Put,"Dixon, Simon",JR-3,15.80m,,UAA Outdoor Conference Championships,"Apr 26, 2025"
Shot Put,"Dixon, Simon",JR-3,15.73m,,Wheaton 'Don Church' Twilight 2025,"Apr 17, 2025"
Shot Put,"Dixon, Simon",JR-3,15.68m,,Wheaton 'Don Church' Twilight 2025,"Apr 17, 2025"
Shot Put,"Dixon, Simon",JR-3,15.66m,,St. Francis Fighting Chance Invite,"May 9, 2025"
Shot Put,"Dixon, Simon",JR-3,15.66m,,Wheaton 'Don Church' Twilight 2025,"Apr 17, 2025"
Shot Put,"Dixon, Simon",JR-3,15.51m,,Wheaton 'Don Church' Twilight 2025,"Apr 17, 2025"
Shot Put,"Dixon, Simon",JR-3,15.47m,,2025 Big Blue Alumni Invite,"Mar 29, 2025"
Shot Put,"Dixon, Simon",JR-3,15.29m,,Wheaton 'Don Church' Twilight 2025,"Apr 17, 2025"
Shot Put,"Dixon, Simon",JR-3,15.21m,,Chicagoland Outdoor Championship,"Apr 3, 2025"
Shot Put,"Dixon, Simon",JR-3,14.99m,,2025 Big Blue Alumni Invite,"Mar 29, 2025"
Shot Put,"Dixon, Simon",JR-3,14.98m,,Chicagoland Outdoor Championship,"Apr 3, 2025"
Shot Put,"Dixon, Simon",JR-3,14.93m,,UAA Outdoor Conference Championships,"Apr 26, 2025"
Shot Put,"Dixon, Simon",JR-3,14.67m,,Chicagoland Outdoor Championship,"Apr 3, 2025"
Shot Put,"Dixon, Simon",JR-3,14.66m,,Chicagoland Outdoor Championship,"Apr 3, 2025"
Shot Put,"Dixon, Simon",JR-3,14.64m,,Chicagoland Outdoor Championship,"Apr 3, 2025"
Shot Put,"McGallian, Andrew",SR-4,14.17m,,UAA Outdoor Conference Championships,"Apr 26, 2025"
Shot Put,"McGallian, Andrew",SR-4,13.21m,,2025 Big Blue Alumni Invite,"Mar 29, 2025"
Shot Put,"McGallian, Andrew",SR-4,13.12m,,Wheaton Invitational 2025,"Apr 12, 2025"
Shot Put,"McGallian, Andrew",SR-4,13.12m,,2025 Big Blue Alumni Invite,"Mar 29, 2025"
Shot Put,"McGallian, Andrew",SR-4,13.10m,,2025 Big Blue Alumni Invite,"Mar 29, 2025"
Shot Put,"McGallian, Andrew",SR-4,13.00m,,2025 Big Blue Alumni Invite,"Mar 29, 2025"
Shot Put,"McGallian, Andrew",SR-4,12.93m,,Wheaton Invitational 2025,"Apr 12, 2025"
Shot Put,"McGallian, Andrew",SR-4,12.81m,,Wheaton Invitational 2025,"Apr 12, 2025"
Shot Put,"McGallian, Andrew",SR-4,12.70m,,2025 Big Blue Alumni Invite,"Mar 29, 2025"
Shot Put,"McGallian, Andrew",SR-4,12.58m,,Wheaton Invitational 2025,"Apr 12, 2025"
Shot Put,"Kerr, Jacob",FR-1,12.52m,,St. Francis Fighting Chance Invite,"May 9, 2025"
Shot Put,"Kerr, Jacob",FR-1,12.41m,,Wheaton Invitational 2025,"Apr 12, 2025"
Shot Put,"McGallian, Andrew",SR-4,12.29m,,UAA Outdoor Conference Championships,"Apr 26, 2025"
Shot Put,"Kerr, Jacob",FR-1,12.22m,,St. Francis Fighting Chance Invite,"May 9, 2025"
Shot Put,"Kerr, Jacob",FR-1,12.21m,,St. Francis Fighting Chance Invite,"May 9, 2025"
Shot Put,"Jiang, Allen",SO-2,12.10m,,2025 Big Blue Alumni Invite,"Mar 29, 2025"
Shot Put,"Kerr, Jacob",FR-1,12.00m,,Wheaton Invitational 2025,"Apr 12, 2025"
Shot Put,"Dixon, Simon",JR-3,11.93m,,Midwest Twilight Final Qualifier,"May 14, 2025"
Shot Put,"Jiang, Allen",SO-2,11.92m,,2025 Big Blue Alumni Invite,"Mar 29, 2025"
Shot Put,"Jiang, Allen",SO-2,11.88m,,2025 Big Blue Alumni Invite,"Mar 29, 2025"
Shot Put,"Jiang, Allen",SO-2,11.69m,,UAA Outdoor Conference Championships,"Apr 26, 2025"
Shot Put,"Jiang, Allen",SO-2,11.16m,,UAA Outdoor Conference Championships,"Apr 26, 2025"
Shot Put,"Nelson, Michael",JR-3,11.15m,,Chicagoland Outdoor Championship,"Apr 3, 2025"
Shot Put,"Nelson, Michael",JR-3,10.56m,,Chicagoland Outdoor Championship,"Apr 3, 2025"
Shot Put,"Nelson, Michael",JR-3,10.42m,,Chicagoland Outdoor Championship,"Apr 3, 2025"
Shot Put,"Nelson, Michael",JR-3,10.34m,,UAA Outdoor Conference Championships,"Apr 26, 2025"
Discus,"Dixon, Simon",JR-3,46.52m,,Wheaton Invitational 2025,"Apr 12, 2025"
Discus,"Dixon, Simon",JR-3,44.28m,,Wheaton Invitational 2025,"Apr 12, 2025"
Discus,"Dixon, Simon",JR-3,43.39m,,UAA Outdoor Conference Championships,"Apr 26, 2025"
Discus,"Dixon, Simon",JR-3,43.30m,,2025 Big Blue Alumni Invite,"Mar 29, 2025"
Discus,"Dixon, Simon",JR-3,42.45m,,Wheaton Invitational 2025,"Apr 12, 2025"
Discus,"McGallian, Andrew",SR-4,40.79m,,UAA Outdoor Conference Championships,"Apr 26, 2025"
Discus,"Nelson, Michael",JR-3,39.83m,,2025 Big Blue Alumni Invite,"Mar 29, 2025"
Discus,"McGallian, Andrew",SR-4,39.35m,,Chicagoland Outdoor Championship,"Apr 3, 2025"
Discus,"Nelson, Michael",JR-3,39.22m,,2025 Big Blue Alumni Invite,"Mar 29, 2025"
Discus,"Nelson, Michael",JR-3,39.20m,,Chicagoland Outdoor Championship,"Apr 3, 2025"
Discus,"Dixon, Simon",JR-3,39.16m,,Wheaton 'Don Church' Twilight 2025,"Apr 17, 2025"
Discus,"Dixon, Simon",JR-3,39.04m,,Wheaton 'Don Church' Twilight 2025,"Apr 17, 2025"
Discus,"Nelson, Michael",JR-3,38.72m,,2025 Big Blue Alumni Invite,"Mar 29, 2025"
Discus,"Dixon, Simon",JR-3,38.59m,,UAA Outdoor Conference Championships,"Apr 26, 2025"
Discus,"Nelson, Michael",JR-3,38.41m,,Wheaton 'Don Church' Twilight 2025,"Apr 17, 2025"
Discus,"Nelson, Michael",JR-3,38.25m,,2025 Big Blue Alumni Invite,"Mar 29, 2025"
Discus,"McGallian, Andrew",SR-4,38.16m,,UAA Outdoor Conference Championships,"Apr 26, 2025"
Discus,"McGallian, Andrew",SR-4,37.93m,,Chicagoland Outdoor Championship,"Apr 3, 2025"
Discus,"Dixon, Simon",JR-3,37.65m,,UAA Outdoor Conference Championships,"Apr 26, 2025"
Discus,"Nelson, Michael",JR-3,37.36m,,2025 Big Blue Alumni Invite,"Mar 29, 2025"
Discus,"Nelson, Michael",JR-3,37.23m,,St. Francis Fighting Chance Invite,"May 9, 2025"
Discus,"Nelson, Michael",JR-3,37.01m,,UAA Outdoor Conference Championships,"Apr 26, 2025"
Discus,"Dixon, Simon",JR-3,36.94m,,Wheaton 'Don Church' Twilight 2025,"Apr 17, 2025"
Discus,"McGallian, Andrew",SR-4,36.94m,,Chicagoland Outdoor Championship,"Apr 3, 2025"
Discus,"McGallian, Andrew",SR-4,36.54m,,UAA Outdoor Conference Championships,"Apr 26, 2025"
Discus,"Nelson, Michael",JR-3,36.19m,,Chicagoland Outdoor Championship,"Apr 3, 2025"
Discus,"McGallian, Andrew",SR-4,36.14m,,2025 Big Blue Alumni Invite,"Mar 29, 2025"
Discus,"McGallian, Andrew",SR-4,35.92m,,UAA Outdoor Conference Championships,"Apr 26, 2025"
Discus,"McGallian, Andrew",SR-4,35.53m,,2025 Big Blue Alumni Invite,"Mar 29, 2025"
Discus,"Nelson, Michael",JR-3,34.69m,,UAA Outdoor Conference Championships,"Apr 26, 2025"
Discus,"Nelson, Michael",JR-3,34.67m,,Chicagoland Outdoor Championship,"Apr 3, 2025"
Discus,"McGallian, Andrew",SR-4,34.43m,,UAA Outdoor Conference Championships,"Apr 26, 2025"
Discus,"Chin, Brian",FR-1,33.34m,,Wheaton 'Don Church' Twilight 2025,"Apr 17, 2025"
Discus,"Nelson, Michael",JR-3,33.07m,,UAA Outdoor Conference Championships,"Apr 26, 2025"
Discus,"Nelson, Michael",JR-3,33.02m,,UAA Outdoor Conference Championships,"Apr 26, 2025"
Hammer,"Dixon, Simon",JR-3,52.27m,,Wheaton Invitational 2025,"Apr 12, 2025"
Hammer,"Jiang, Allen",SO-2,48.74m,,UAA Outdoor Conference Championships,"Apr 26, 2025"
Hammer,"Dixon, Simon",JR-3,47.59m,,Wheaton Invitational 2025,"Apr 12, 2025"
Hammer,"Jiang, Allen",SO-2,47.26m,,St. Francis Fighting Chance Invite,"May 9, 2025"
Hammer,"Jiang, Allen",SO-2,47.07m,,UAA Outdoor Conference Championships,"Apr 26, 2025"
Hammer,"Dixon, Simon",JR-3,46.74m,,Wheaton Invitational 2025,"Apr 12, 2025"
Hammer,"Jiang, Allen",SO-2,46.56m,,2025 Big Blue Alumni Invite,"Mar 29, 2025"
Hammer,"Jiang, Allen",SO-2,46.45m,,St. Francis Fighting Chance Invite,"May 9, 2025"
Hammer,"Dixon, Simon",JR-3,45.94m,,Wheaton Invitational 2025,"Apr 12, 2025"
Hammer,"Jiang, Allen",SO-2,45.89m,,St. Francis Fighting Chance Invite,"May 9, 2025"
Hammer,"Jiang, Allen",SO-2,45.76m,,UAA Outdoor Conference Championships,"Apr 26, 2025"
Hammer,"Chin, Brian",FR-1,45.23m,,UAA Outdoor Conference Championships,"Apr 26, 2025"
Hammer,"Jiang, Allen",SO-2,45.12m,,2025 Big Blue Alumni Invite,"Mar 29, 2025"
Hammer,"Jiang, Allen",SO-2,44.90m,,UAA Outdoor Conference Championships,"Apr 26, 2025"
Hammer,"Chin, Brian",FR-1,43.48m,,Wheaton 'Don Church' Twilight 2025,"Apr 17, 2025"
Hammer,"Chin, Brian",FR-1,43.34m,,Wheaton 'Don Church' Twilight 2025,"Apr 17, 2025"
Hammer,"Jiang, Allen",SO-2,43.33m,,2025 Big Blue Alumni Invite,"Mar 29, 2025"
Hammer,"Jiang, Allen",SO-2,43.26m,,UAA Outdoor Conference Championships,"Apr 26, 2025"
Hammer,"McGallian, Andrew",SR-4,43.13m,,UAA Outdoor Conference Championships,"Apr 26, 2025"
Hammer,"Chin, Brian",FR-1,42.59m,,Wheaton 'Don Church' Twilight 2025,"Apr 17, 2025"
Hammer,"Chin, Brian",FR-1,42.29m,,UAA Outdoor Conference Championships,"Apr 26, 2025"
Hammer,"McGallian, Andrew",SR-4,41.93m,,UAA Outdoor Conference Championships,"Apr 26, 2025"
Hammer,"Chin, Brian",FR-1,41.91m,,Wheaton 'Don Church' Twilight 2025,"Apr 17, 2025"
Hammer,"Chin, Brian",FR-1,41.78m,,2025 Big Blue Alumni Invite,"Mar 29, 2025"
Hammer,"Chin, Brian",FR-1,41.03m,,Wheaton 'Don Church' Twilight 2025,"Apr 17, 2025"
Hammer,"McGallian, Andrew",SR-4,40.79m,,UAA Outdoor Conference Championships,"Apr 26, 2025"
Hammer,"Jiang, Allen",SO-2,40.72m,,2025 Big Blue Alumni Invite,"Mar 29, 2025"
Hammer,"Chin, Brian",FR-1,40.60m,,2025 Big Blue Alumni Invite,"Mar 29, 2025"
Hammer,"McGallian, Andrew",SR-4,40.16m,,UAA Outdoor Conference Championships,"Apr 26, 2025"
Hammer,"Chin, Brian",FR-1,39.94m,,2025 Big Blue Alumni Invite,"Mar 29, 2025"
Hammer,"McGallian, Andrew",SR-4,38.94m,,UAA Outdoor Conference Championships,"Apr 26, 2025"
Hammer,"Chin, Brian",FR-1,0.94m,,UAA Outdoor Conference Championships,"Apr 26, 2025"
Hammer,"Chin, Brian",FR-1,0.04m,,UAA Outdoor Conference Championships,"Apr 26, 2025"
Javelin,"Kadiri, Seyi",JR-3,55.29m,,Wheaton 'Don Church' Twilight 2025,"Apr 17, 2025"
Javelin,"Kadiri, Seyi",JR-3,53.57m,,Wheaton 'Don Church' Twilight 2025,"Apr 17, 2025"
Javelin,"Kadiri, Seyi",JR-3,52.72m,,Wash U Invite,"Mar 28, 2025"
Javelin,"Kadiri, Seyi",JR-3,52.35m,,UAA Outdoor Conference Championships,"Apr 26, 2025"
Javelin,"Kadiri, Seyi",JR-3,51.55m,,Wash U Invite,"Mar 28, 2025"
Javelin,"Kadiri, Seyi",JR-3,51.23m,,Wash U Invite,"Mar 28, 2025"
Javelin,"Kadiri, Seyi",JR-3,51.21m,,Wheaton 'Don Church' Twilight 2025,"Apr 17, 2025"
Javelin,"Kadiri, Seyi",JR-3,51.01m,,Wheaton Invitational 2025,"Apr 12, 2025"
Javelin,"Kadiri, Seyi",JR-3,50.74m,,UAA Outdoor Conference Championships,"Apr 26, 2025"
Javelin,"Kadiri, Seyi",JR-3,50.16m,,Wash U Invite,"Mar 28, 2025"
Javelin,"Kadiri, Seyi",JR-3,49.94m,,Wheaton Invitational 2025,"Apr 12, 2025"
Javelin,"Kadiri, Seyi",JR-3,49.52m,,Wheaton 'Don Church' Twilight 2025,"Apr 17, 2025"
Javelin,"Nelson, Michael",JR-3,49.49m,,UAA Outdoor Conference Championships,"Apr 26, 2025"
Javelin,"Kadiri, Seyi",JR-3,49.15m,,UAA Outdoor Conference Championships,"Apr 26, 2025"
Javelin,"Anderson, Ryan",JR-3,49.10m,,UAA Outdoor Conference Championships,"Apr 26, 2025"
Javelin,"Anderson, Ryan",JR-3,48.94m,,2025 Big Blue Alumni Invite,"Mar 29, 2025"
Javelin,"Nelson, Michael",JR-3,48.83m,,St. Francis Fighting Chance Invite,"May 9, 2025"
Javelin,"Anderson, Ryan",JR-3,48.82m,,UAA Outdoor Conference Championships,"Apr 26, 2025"
Javelin,"Nelson, Michael",JR-3,48.40m,,St. Francis Fighting Chance Invite,"May 9, 2025"
Javelin,"Nelson, Michael",JR-3,48.30m,,UAA Outdoor Conference Championships,"Apr 26, 2025"
Javelin,"Anderson, Ryan",JR-3,48.26m,,2025 Big Blue Alumni Invite,"Mar 29, 2025"
Javelin,"Anderson, Ryan",JR-3,48.22m,,UAA Outdoor Conference Championships,"Apr 26, 2025"
Javelin,"Nelson, Michael",JR-3,48.12m,,Wheaton Invitational 2025,"Apr 12, 2025"
Javelin,"Nelson, Michael",JR-3,48.04m,,2025 Big Blue Alumni Invite,"Mar 29, 2025"
Javelin,"Nelson, Michael",JR-3,47.94m,,Midwest Twilight Final Qualifier,"May 14, 2025"
Javelin,"Kadiri, Seyi",JR-3,47.92m,,Wheaton Invitational 2025,"Apr 12, 2025"
Javelin,"Nelson, Michael",JR-3,47.88m,,Midwest Twilight Final Qualifier,"May 14, 2025"
Javelin,"Anderson, Ryan",JR-3,47.59m,,2025 Big Blue Alumni Invite,"Mar 29, 2025"
Javelin,"Nelson, Michael",JR-3,47.40m,,2025 Big Blue Alumni Invite,"Mar 29, 2025"
Javelin,"Nelson, Michael",JR-3,47.29m,,UAA Outdoor Conference Championships,"Apr 26, 2025"
Javelin,"Anderson, Ryan",JR-3,47.24m,,2025 Big Blue Alumni Invite,"Mar 29, 2025"
Javelin,"Nelson, Michael",JR-3,47.18m,,St. Francis Fighting Chance Invite,"May 9, 2025"
Javelin,"Anderson, Ryan",JR-3,47.12m,,2025 Big Blue Alumni Invite,"Mar 29, 2025"
Javelin,"Nelson, Michael",JR-3,46.95m,,Midwest Twilight Final Qualifier,"May 14, 2025"
Javelin,"Nelson, Michael",JR-3,46.80m,,2025 Big Blue Alumni Invite,"Mar 29, 2025"
Javelin,"Nelson, Michael",JR-3,46.42m,,St. Francis Fighting Chance Invite,"May 9, 2025"
Javelin,"Nelson, Michael",JR-3,46.40m,,Midwest Twilight Final Qualifier,"May 14, 2025"
Javelin,"Nelson, Michael",JR-3,46.28m,,Midwest Twilight Final Qualifier,"May 14, 2025"
Javelin,"Kadiri, Seyi",JR-3,46.22m,,Wheaton 'Don Church' Twilight 2025,"Apr 17, 2025"
Javelin,"Nelson, Michael",JR-3,46.16m,,Wheaton 'Don Church' Twilight 2025,"Apr 17, 2025"
Javelin,"Kadiri, Seyi",JR-3,46.03m,,Wheaton 'Don Church' Twilight 2025,"Apr 17, 2025"
Javelin,"Nelson, Michael",JR-3,46.00m,,2025 Big Blue Alumni Invite,"Mar 29, 2025"
Javelin,"Nelson, Michael",JR-3,45.80m,,UAA Outdoor Conference Championships,"Apr 26, 2025"
Javelin,"Nelson, Michael",JR-3,45.80m,,2025 Big Blue Alumni Invite,"Mar 29, 2025"
Javelin,"Nelson, Michael",JR-3,45.74m,,Wheaton Invitational 2025,"Apr 12, 2025"
Javelin,"Kadiri, Seyi",JR-3,45.72m,,Wash U Invite,"Mar 28, 2025"
Javelin,"Nelson, Michael",JR-3,45.24m,,Wheaton 'Don Church' Twilight 2025,"Apr 17, 2025"
Javelin,"Nelson, Michael",JR-3,45.14m,,UAA Outdoor Conference Championships,"Apr 26, 2025"
Javelin,"Anderson, Ryan",JR-3,45.12m,,UAA Outdoor Conference Championships,"Apr 26, 2025"
Javelin,"Nelson, Michael",JR-3,44.98m,,Midwest Twilight Final Qualifier,"May 14, 2025"
Javelin,"Nelson, Michael",JR-3,44.93m,,Wheaton 'Don Church' Twilight 2025,"Apr 17, 2025"
Javelin,"Nelson, Michael",JR-3,44.85m,,St. Francis Fighting Chance Invite,"May 9, 2025"
Javelin,"Nelson, Michael",JR-3,44.78m,,Wheaton Invitational 2025,"Apr 12, 2025"
Javelin,"Anderson, Ryan",JR-3,44.32m,,Chicagoland Outdoor Championship,"Apr 3, 2025"
Javelin,"Nelson, Michael",JR-3,44.00m,,Wheaton 'Don Church' Twilight 2025,"Apr 17, 2025"
Javelin,"Anderson, Ryan",JR-3,43.55m,,Chicagoland Outdoor Championship,"Apr 3, 2025"
Javelin,"Kadiri, Seyi",JR-3,43.06m,,UAA Outdoor Conference Championships,"Apr 26, 2025"
Javelin,"Anderson, Ryan",JR-3,42.89m,,Chicagoland Outdoor Championship,"Apr 3, 2025"
Javelin,"Nelson, Michael",JR-3,42.87m,,Wheaton 'Don Church' Twilight 2025,"Apr 17, 2025"
Javelin,"Anderson, Ryan",JR-3,42.69m,,UAA Outdoor Conference Championships,"Apr 26, 2025"
Javelin,"Anderson, Ryan",JR-3,42.40m,,Chicagoland Outdoor Championship,"Apr 3, 2025"
Javelin,"Anderson, Ryan",JR-3,40.92m,,Chicagoland Outdoor Championship,"Apr 3, 2025"
Javelin,"Nelson, Michael",JR-3,40.72m,,2025 Big Blue Alumni Invite,"Mar 29, 2025"
Javelin,"McGallian, Andrew",SR-4,40.14m,,Wheaton 'Don Church' Twilight 2025,"Apr 17, 2025"
Javelin,"Nelson, Michael",JR-3,40.07m,,St. Francis Fighting Chance Invite,"May 9, 2025"
Javelin,"McGallian, Andrew",SR-4,40.01m,,Wheaton 'Don Church' Twilight 2025,"Apr 17, 2025"
Javelin,"McGallian, Andrew",SR-4,39.80m,,Wheaton 'Don Church' Twilight 2025,"Apr 17, 2025"
Javelin,"McGallian, Andrew",SR-4,39.14m,,UAA Outdoor Conference Championships,"Apr 26, 2025"
Javelin,"McGallian, Andrew",SR-4,38.49m,,UAA Outdoor Conference Championships,"Apr 26, 2025"
Javelin,"McGallian, Andrew",SR-4,38.46m,,Wheaton 'Don Church' Twilight 2025,"Apr 17, 2025"
Javelin,"McGallian, Andrew",SR-4,38.21m,,UAA Outdoor Conference Championships,"Apr 26, 2025"
Javelin,"McGallian, Andrew",SR-4,36.65m,,Chicagoland Outdoor Championship,"Apr 3, 2025"
